{
  "extensions": [
	{
      "application": "Flip Card Sample",
      "payload": {
        "include-files": [
          "flipCard/commListCardsFlipStyle.user.js"
        ],
	"include-repo":{
	  "name": "global-samples"
	}
      },
      "name": "Communities FlipCard Extension",
      "type": "com.ibm.customizer.ui",
      "path": "communities"
    }
  ],
  "name": "Flip Card Sample",
  "description": "Renders Communities as flip cards rather than lists",
  "services": [
    "Customizer"
  ],
  "title": "FlipCard Customization Sample"
}
